{
	"info": {
		"_postman_id": "27305515-87cb-43d6-8f66-bf0156038e50",
		"name": "SwitchLink",
		"schema": "https://schema.getpostman.com/json/collection/v2.1.0/collection.json",
		"_exporter_id": "28836421"
	},
	"item": [
		{
			"name": "Get all Data",
			"request": {
				"method": "GET",
				"header": [],
				"url": {
					"raw": "{{localhostUrl}}/api/v1/device-master/get-all-data",
					"host": [
						"{{localhostUrl}}"
					],
					"path": [
						"api",
						"v1",
						"device-master",
						"get-all-data"
					]
				}
			},
			"response": []
		},
		{
			"name": "Get Device Name",
			"request": {
				"method": "GET",
				"header": [],
				"url": {
					"raw": "{{localhostUrl}}/api/v1/device-master/get-device-name?room_id=2",
					"host": [
						"{{localhostUrl}}"
					],
					"path": [
						"api",
						"v1",
						"device-master",
						"get-device-name"
					],
					"query": [
						{
							"key": "room_id",
							"value": "2"
						}
					]
				}
			},
			"response": []
		},
		{
			"name": "Get Room Device Details",
			"request": {
				"method": "GET",
				"header": [],
				"url": {
					"raw": "{{localhostUrl}}/api/v1/device-master/get-room-device-details?room_id=2",
					"host": [
						"{{localhostUrl}}"
					],
					"path": [
						"api",
						"v1",
						"device-master",
						"get-room-device-details"
					],
					"query": [
						{
							"key": "room_id",
							"value": "2"
						}
					]
				}
			},
			"response": []
		},
		{
			"name": "Find Device by Device ID",
			"request": {
				"method": "GET",
				"header": [],
				"url": {
					"raw": "{{localhostUrl}}/api/v1/device-functions/findDeviceFunctionsByDeviceId?deviceId=94",
					"host": [
						"{{localhostUrl}}"
					],
					"path": [
						"api",
						"v1",
						"device-functions",
						"findDeviceFunctionsByDeviceId"
					],
					"query": [
						{
							"key": "deviceId",
							"value": "94"
						}
					]
				}
			},
			"response": []
		},
		{
			"name": "Find Device by MAC ID",
			"request": {
				"method": "GET",
				"header": [],
				"url": {
					"raw": "{{localhostUrl}}/api/v1/device-functions/findDeviceFunctionsByMacId?macId=7CDFA104996C",
					"host": [
						"{{localhostUrl}}"
					],
					"path": [
						"api",
						"v1",
						"device-functions",
						"findDeviceFunctionsByMacId"
					],
					"query": [
						{
							"key": "macId",
							"value": "7CDFA104996C"
						}
					]
				}
			},
			"response": []
		},
		{
			"name": "Get Modular PCB Name",
			"request": {
				"method": "GET",
				"header": [],
				"url": {
					"raw": "{{localhostUrl}}/api/v1/modular-pcb/get-modular-pcb-name?pcb_id=9",
					"host": [
						"{{localhostUrl}}"
					],
					"path": [
						"api",
						"v1",
						"modular-pcb",
						"get-modular-pcb-name"
					],
					"query": [
						{
							"key": "pcb_id",
							"value": "9"
						}
					]
				}
			},
			"response": []
		},
		{
			"name": "Get Modular PCB Details",
			"request": {
				"method": "GET",
				"header": [],
				"url": {
					"raw": "{{localhostUrl}}/api/v1/modular-pcb/get-modular-pcb-details?modular_plate_id=1",
					"host": [
						"{{localhostUrl}}"
					],
					"path": [
						"api",
						"v1",
						"modular-pcb",
						"get-modular-pcb-details"
					],
					"query": [
						{
							"key": "modular_plate_id",
							"value": "1"
						}
					]
				}
			},
			"response": []
		},
		{
			"name": "Get Modular Plate Details",
			"request": {
				"method": "GET",
				"header": [],
				"url": {
					"raw": "{{localhostUrl}}/api/v1/modular-plate/modular-plate-master",
					"host": [
						"{{localhostUrl}}"
					],
					"path": [
						"api",
						"v1",
						"modular-plate",
						"modular-plate-master"
					]
				}
			},
			"response": []
		},
		{
			"name": "Get Favourite Switches",
			"request": {
				"method": "GET",
				"header": [],
				"url": {
					"raw": "{{localhostUrl}}/api/v1/user-utilities/getFavourites?userId=14",
					"host": [
						"{{localhostUrl}}"
					],
					"path": [
						"api",
						"v1",
						"user-utilities",
						"getFavourites"
					],
					"query": [
						{
							"key": "userId",
							"value": "14"
						}
					]
				}
			},
			"response": []
		},
		{
			"name": "Set Room Device Wifi",
			"request": {
				"method": "PUT",
				"header": [],
				"url": {
					"raw": "{{localhostUrl}}/api/v1/device-master/setRoomDeviceWifi?macId=7CDFA104996C",
					"host": [
						"{{localhostUrl}}"
					],
					"path": [
						"api",
						"v1",
						"device-master",
						"setRoomDeviceWifi"
					],
					"query": [
						{
							"key": "macId",
							"value": "7CDFA104996C"
						}
					]
				}
			},
			"response": []
		},
		{
			"name": "Set Mpin",
			"request": {
				"method": "PUT",
				"header": [],
				"url": {
					"raw": "{{localhostUrl}}/api/v1/users/setMpin/:id?newMpin=0321",
					"host": [
						"{{localhostUrl}}"
					],
					"path": [
						"api",
						"v1",
						"users",
						"setMpin",
						":id"
					],
					"query": [
						{
							"key": "newMpin",
							"value": "0321"
						}
					],
					"variable": [
						{
							"key": "id",
							"value": "23"
						}
					]
				}
			},
			"response": []
		},
		{
			"name": "Delete room for the user",
			"request": {
				"method": "DELETE",
				"header": [],
				"url": {
					"raw": "{{localhostUrl}}/api/v1/user_rooms/delete-room?userId=2&roomId=26",
					"host": [
						"{{localhostUrl}}"
					],
					"path": [
						"api",
						"v1",
						"user_rooms",
						"delete-room"
					],
					"query": [
						{
							"key": "userId",
							"value": "2"
						},
						{
							"key": "roomId",
							"value": "26"
						}
					]
				}
			},
			"response": []
		},
		{
			"name": "Delete device from the room",
			"request": {
				"method": "DELETE",
				"header": [],
				"url": {
					"raw": "{{localhostUrl}}/api/v1/user_rooms/delete-device?userId=2&roomId=25&deviceName=Device 1",
					"host": [
						"{{localhostUrl}}"
					],
					"path": [
						"api",
						"v1",
						"user_rooms",
						"delete-device"
					],
					"query": [
						{
							"key": "userId",
							"value": "2"
						},
						{
							"key": "roomId",
							"value": "25"
						},
						{
							"key": "deviceName",
							"value": "Device 1"
						}
					]
				}
			},
			"response": []
		},
		{
			"name": "Delete User",
			"request": {
				"method": "DELETE",
				"header": [],
				"url": {
					"raw": "{{localhostUrl}}/api/v1/users/delete-useraccount?mobileNo=9876543210&mpin=1234",
					"host": [
						"{{localhostUrl}}"
					],
					"path": [
						"api",
						"v1",
						"users",
						"delete-useraccount"
					],
					"query": [
						{
							"key": "mobileNo",
							"value": "9876543210"
						},
						{
							"key": "mpin",
							"value": "1234"
						}
					]
				}
			},
			"response": []
		},
		{
			"name": "Update Mpin",
			"request": {
				"method": "POST",
				"header": [],
				"url": {
					"raw": "{{localhostUrl}}/api/v1/users/update-mpin?email=vaiibhavkale@gmail.com&mobileNo=8390078876&oldMpin=0321&newMpin=1974",
					"host": [
						"{{localhostUrl}}"
					],
					"path": [
						"api",
						"v1",
						"users",
						"update-mpin"
					],
					"query": [
						{
							"key": "email",
							"value": "vaiibhavkale@gmail.com"
						},
						{
							"key": "mobileNo",
							"value": "8390078876"
						},
						{
							"key": "oldMpin",
							"value": "0321"
						},
						{
							"key": "newMpin",
							"value": "1974"
						}
					]
				}
			},
			"response": []
		},
		{
			"name": "Add Room",
			"request": {
				"method": "POST",
				"header": [],
				"url": {
					"raw": "{{localhostUrl}}/api/v1/user_rooms/addRoom?email=karanjwale@gmail.com&mobileNo=9552879999&roomId=2",
					"host": [
						"{{localhostUrl}}"
					],
					"path": [
						"api",
						"v1",
						"user_rooms",
						"addRoom"
					],
					"query": [
						{
							"key": "email",
							"value": "karanjwale@gmail.com"
						},
						{
							"key": "mobileNo",
							"value": "9552879999"
						},
						{
							"key": "roomId",
							"value": "2"
						}
					]
				}
			},
			"response": []
		},
		{
			"name": "Add Favourite Switches",
			"request": {
				"method": "POST",
				"header": [],
				"url": {
					"raw": "{{localhostUrl}}/api/v1/user-utilities/addFavouritesSwitches?userId=20&deviceName=Living Room 1&fLabel=Light-2",
					"host": [
						"{{localhostUrl}}"
					],
					"path": [
						"api",
						"v1",
						"user-utilities",
						"addFavouritesSwitches"
					],
					"query": [
						{
							"key": "userId",
							"value": "20"
						},
						{
							"key": "deviceName",
							"value": "Living Room 1"
						},
						{
							"key": "fLabel",
							"value": "Light-2"
						}
					]
				}
			},
			"response": []
		}
	]
}